{"_step":3,"val/loss":0.6226577162742615,"_runtime":231.563316,"_wandb":{"runtime":235},"_timestamp":1.742638292664503e+09,"mfu":0.008904976961276005,"iter":750,"lr":0.0009614856803571157,"train/loss":0.6228563189506531}